A,R,N,D,C,Q,E,G,H,I,L,K,M,F,P,S,T,W,Y,V
0.5533
0.1903,0.6582
0.1823,0.2565,0.6704
0.1672,0.1772,0.3727,0.6786
0.2586,0.0561,0.1056,0.0513,0.8694
0.2317,0.3531,0.2864,0.2650,0.0892,0.6454
0.2276,0.2785,0.2681,0.3890,0.0409,0.4123,0.6194
0.2972,0.1298,0.2576,0.1971,0.1165,0.1650,0.1430,0.6643
0.1759,0.2694,0.3256,0.2103,0.0833,0.3168,0.2783,0.1477,0.7966
0.1965,0.0832,0.0678,0.0743,0.2029,0.0982,0.0693,0.0333,0.0668,0.5580
0.1868,0.1399,0.0568,0.0414,0.1995,0.1413,0.0929,0.0399,0.0970,0.3897,0.5479
0.2365,0.4296,0.2742,0.2387,0.0800,0.3728,0.3390,0.1825,0.2373,0.1049,0.1201,0.5924
0.2228,0.1934,0.1402,0.0785,0.1899,0.2577,0.1506,0.1045,0.1809,0.3629,0.4217,0.1943,0.6527
0.1362,0.0970,0.0829,0.0496,0.1249,0.0713,0.0694,0.0752,0.2025,0.2754,0.3145,0.0772,0.2872,0.6971
0.2310,0.1431,0.1504,0.1858,0.0964,0.1992,0.2105,0.1414,0.1395,0.0990,0.0920,0.2175,0.1181,0.0419,0.7867
0.3621,0.2344,0.3272,0.2686,0.2269,0.2795,0.2763,0.2665,0.2264,0.1268,0.1204,0.2725,0.1857,0.1254,0.2314,0.5503
0.2833,0.2101,0.2832,0.2149,0.2275,0.2404,0.2277,0.1793,0.1718,0.2376,0.2050,0.2408,0.2411,0.1431,0.2133,0.3802,0.5952
0.1147,0.1043,0.0352,0.0000,0.1298,0.1541,0.0937,0.1171,0.1272,0.1110,0.1755,0.0855,0.1895,0.3487,0.0381,0.0994,0.1213,1.0000
0.1665,0.1713,0.1449,0.0781,0.1228,0.1898,0.1491,0.0798,0.4013,0.1959,0.2142,0.1627,0.2187,0.4860,0.0880,0.1718,0.1772,0.4327,0.7344
0.2735,0.1163,0.0909,0.0728,0.2315,0.1370,0.1204,0.0731,0.0745,0.4594,0.3399,0.1326,0.3330,0.2287,0.1268,0.1745,0.2826,0.0938,0.2043,0.5424
